{
	"info": {
		"_postman_id": "1b5321e3-702f-4153-9f66-29b7b079d691",
		"name": "Zup-Notion",
		"schema": "https://schema.getpostman.com/json/collection/v2.1.0/collection.json"
	},
	"item": [
		{
			"name": "usuario",
			"item": [
				{
					"name": "cadastrar usuario",
					"event": [
						{
							"listen": "test",
							"script": {
								"exec": [
									"var jsonData = JSON.parse(responseBody);\r",
									"    var mensagemDeErro = \"A senha deve conter 8 caracteres, sendo no minimo 1 letra maiuscula, 1 letra minuscula, 1 numero e 1 caractere especial (!@#$&*)\"\r",
									"   pm.expect(pm.response.code).to.equal(422)"
								],
								"type": "text/javascript"
							}
						}
					],
					"request": {
						"method": "POST",
						"header": [],
						"body": {
							"mode": "raw",
							"raw": "{\r\n    \r\n    \"nome\": \"noma\",\r\n    \"email\": \"noma@zup.com.br\",\r\n    \"senha\": \"Aczx75#&\",\r\n    \"perguntaDeSeguranca\":\"pergunta1\",\r\n    \"respostaDeSeguranca\":\"comida\"\r\n\r\n}",
							"options": {
								"raw": {
									"language": "json"
								}
							}
						},
						"url": {
							"raw": "localhost:8080/usuario",
							"host": [
								"localhost"
							],
							"port": "8080",
							"path": [
								"usuario"
							]
						}
					},
					"response": []
				},
				{
					"name": "alterar senha",
					"request": {
						"method": "PATCH",
						"header": [
							{
								"key": "Authorization",
								"value": "Token eyJhbGciOiJIUzUxMiJ9.eyJzdWIiOiJub21hQHp1cC5jb20uYnIiLCJpZFVzdWFyaW8iOiI0MDI4OGE4NzdlZGY2MTRlMDE3ZWRmNjFjMzYzMDAwMCIsImV4cCI6MTY0NDQzMDU0M30.W4459ZoS-xtEm7Z3gwhUza7HDwgR8ME8FJH5XyD7CNOLRVBTi8SzwrbYG4Q8cNvmjdI2Ytf8cO1q8vtVp5Dr-Q",
								"type": "default"
							}
						],
						"body": {
							"mode": "raw",
							"raw": "{\r\n    \"email\": \"noma@zup.com.br\",\r\n    \"senha\": \"Va$r36\"\r\n}",
							"options": {
								"raw": {
									"language": "json"
								}
							}
						},
						"url": {
							"raw": "localhost:8080/usuario/esqueciSenha",
							"host": [
								"localhost"
							],
							"port": "8080",
							"path": [
								"usuario",
								"esqueciSenha"
							]
						}
					},
					"response": []
				},
				{
					"name": "login usuario",
					"request": {
						"method": "POST",
						"header": [],
						"body": {
							"mode": "raw",
							"raw": "{\r\n    \"email\": \"noma@zup.com.br\",\r\n    \"senha\": \"Aczx75#&\"\r\n}",
							"options": {
								"raw": {
									"language": "json"
								}
							}
						},
						"url": {
							"raw": "localhost:8080/login",
							"host": [
								"localhost"
							],
							"port": "8080",
							"path": [
								"login"
							]
						}
					},
					"response": []
				},
				{
					"name": "alterar status da tarefa",
					"request": {
						"method": "PATCH",
						"header": [
							{
								"key": "Authorization",
								"value": "Token eyJhbGciOiJIUzUxMiJ9.eyJzdWIiOiJub21hQHp1cC5jb20uYnIiLCJpZFVzdWFyaW8iOiI0MDI4OGE4NzdlZGY2MTRlMDE3ZWRmNjFjMzYzMDAwMCIsImV4cCI6MTY0NDQzMDU0M30.W4459ZoS-xtEm7Z3gwhUza7HDwgR8ME8FJH5XyD7CNOLRVBTi8SzwrbYG4Q8cNvmjdI2Ytf8cO1q8vtVp5Dr-Q",
								"type": "default"
							}
						],
						"body": {
							"mode": "raw",
							"raw": "{\r\n    \"status\": \"CONCLUID\"\r\n}",
							"options": {
								"raw": {
									"language": "json"
								}
							}
						},
						"url": {
							"raw": "localhost:8080/tarefas/alterarStatus/9",
							"host": [
								"localhost"
							],
							"port": "8080",
							"path": [
								"tarefas",
								"alterarStatus",
								"9"
							]
						}
					},
					"response": []
				},
				{
					"name": "cadastrar usuario.",
					"request": {
						"method": "POST",
						"header": [],
						"body": {
							"mode": "raw",
							"raw": "{\r\n    \r\n    \"nome\": \"sol\",\r\n    \"email\": \"sol@zup.com.br\",\r\n    \"senha\": \"Esxc75#&\",\r\n    \"perguntaDeSeguranca\":\"pergunta1\",\r\n    \"respostaDeSeguranca\":\"cinema\"\r\n\r\n}",
							"options": {
								"raw": {
									"language": "json"
								}
							}
						},
						"url": {
							"raw": "localhost:8080/usuario",
							"host": [
								"localhost"
							],
							"port": "8080",
							"path": [
								"usuario"
							]
						}
					},
					"response": []
				}
			]
		},
		{
			"name": "tarefas",
			"item": [
				{
					"name": "cadastrar tarefa",
					"request": {
						"method": "POST",
						"header": [
							{
								"key": "Authorization",
								"value": "Token eyJhbGciOiJIUzUxMiJ9.eyJzdWIiOiJhZG1pbkB6dXAuY29tLmJyIiwiaWRVc3VhcmlvIjoiYWRtaW4wMTAxMDEwMSIsImV4cCI6MTY0NDUyNTk5NX0.DT4c42N43MGVPzlyj8Us4JYG2kqhdfLuFldeGBVl_rEIUQUll6odqMgRQatzwLwMjbWVAPU9LYv8_AWzewamFg",
								"type": "default"
							}
						],
						"body": {
							"mode": "raw",
							"raw": "{\r\n    \"titulo\":\"Criar método\",\r\n    \"descricao\":\"Método deve permitir listar usuários cadastrados\",\r\n    \"prioridade\":\"ALTA\",\r\n    \"estimativaEmHoras\":10,\r\n    \"email\":\"estrela@zup.com.br\"\r\n}",
							"options": {
								"raw": {
									"language": "json"
								}
							}
						},
						"url": {
							"raw": "localhost:8080/tarefas/arquivosCSV",
							"host": [
								"localhost"
							],
							"port": "8080",
							"path": [
								"tarefas",
								"arquivosCSV"
							]
						}
					},
					"response": []
				},
				{
					"name": "deletar tarefa",
					"request": {
						"method": "DELETE",
						"header": [
							{
								"key": "Authorization",
								"value": "Token eyJhbGciOiJIUzUxMiJ9.eyJzdWIiOiJmaWxoYUB6dXAuY29tLmJyIiwiaWRVc3VhcmlvIjoiNDAyODhhOGM3ZTk3YWJmNTAxN2U5N2FjMzAzMDAwMDAiLCJleHAiOjE2NDMzMDQxMzN9.Adju8BmvABqfAG8JNTxbcJ3JUyeMBecKm4L-ZHCVepVz25GGnFfL6JpZSGj22kNRUA6EbaHkcPQH3pgqtinnyA",
								"type": "default"
							}
						],
						"url": {
							"raw": "localhost:8080/tarefas/3",
							"host": [
								"localhost"
							],
							"port": "8080",
							"path": [
								"tarefas",
								"3"
							]
						}
					},
					"response": []
				},
				{
					"name": "exibir tarefas",
					"request": {
						"method": "GET",
						"header": [
							{
								"key": "Authorization",
								"value": "Token eyJhbGciOiJIUzUxMiJ9.eyJzdWIiOiJmaWxoYUB6dXAuY29tLmJyIiwiaWRVc3VhcmlvIjoiNDAyODhhOGM3ZTk3YWJmNTAxN2U5N2FjMzAzMDAwMDAiLCJleHAiOjE2NDMzMDQxMzN9.Adju8BmvABqfAG8JNTxbcJ3JUyeMBecKm4L-ZHCVepVz25GGnFfL6JpZSGj22kNRUA6EbaHkcPQH3pgqtinnyA",
								"type": "default"
							}
						],
						"url": {
							"raw": "localhost:8080/tarefas?",
							"host": [
								"localhost"
							],
							"port": "8080",
							"path": [
								"tarefas"
							],
							"query": [
								{
									"key": "",
									"value": null
								}
							]
						}
					},
					"response": []
				},
				{
					"name": "atribuir tarefa",
					"request": {
						"method": "PATCH",
						"header": [
							{
								"key": "Authorization",
								"value": "Token eyJhbGciOiJIUzUxMiJ9.eyJzdWIiOiJzdGFyQHp1cC5jb20uYnIiLCJpZFVzdWFyaW8iOiJhZG1pbjAxMDEwMTAxIiwiZXhwIjoxNjQ0NTE5MzQyfQ.iBWCL7Y9nsg7n3kSiO0s0HxUL75PgCrlJQ96h6V41l0IHkONo9Kwdrz0lHnEe8J6EdJXWXZIkGCyDcv7t03d5g",
								"type": "default"
							}
						],
						"body": {
							"mode": "raw",
							"raw": "{\r\n    \"email\": \"lua@zup.com.br\"\r\n}",
							"options": {
								"raw": {
									"language": "json"
								}
							}
						},
						"url": {
							"raw": "localhost:8080/tarefas/atribuirTarefa/5",
							"host": [
								"localhost"
							],
							"port": "8080",
							"path": [
								"tarefas",
								"atribuirTarefa",
								"5"
							]
						}
					},
					"response": []
				}
			]
		},
		{
			"name": "Admin",
			"item": [
				{
					"name": "login admin",
					"request": {
						"method": "POST",
						"header": [
							{
								"key": "Authorization",
								"value": "",
								"type": "default"
							}
						],
						"body": {
							"mode": "raw",
							"raw": "{\r\n    \"email\": \"star@zup.com.br\",\r\n    \"senha\": \"CA@123we\"\r\n}",
							"options": {
								"raw": {
									"language": "json"
								}
							}
						},
						"url": {
							"raw": "localhost:8080/login",
							"host": [
								"localhost"
							],
							"port": "8080",
							"path": [
								"login"
							]
						}
					},
					"response": []
				},
				{
					"name": "cadastrar admin",
					"request": {
						"method": "POST",
						"header": [
							{
								"key": "Authorization",
								"value": "Token eyJhbGciOiJIUzUxMiJ9.eyJzdWIiOiJzdGFyQHp1cC5jb20uYnIiLCJpZFVzdWFyaW8iOiJhZG1pbjAxMDEwMTAxIiwiZXhwIjoxNjQ0NDI4OTkxfQ.8Azk7wxIkDywccPcRJOQWGIZEpwbvmdf6ZtqlfzqUhHE_ml3FOEWWS3X2ZC1Qbz7ex4wDOBCMryy5L_ocv9xvg",
								"type": "default"
							}
						],
						"body": {
							"mode": "raw",
							"raw": "{\r\n\r\n    \"nome\": \"nola\",\r\n    \"email\": \"nola@zup.com.br\",\r\n    \"senha\": \"Aczx75#&\"\r\n\r\n}",
							"options": {
								"raw": {
									"language": "json"
								}
							}
						},
						"url": {
							"raw": "localhost:8080/usuario/cadastraradmin",
							"host": [
								"localhost"
							],
							"port": "8080",
							"path": [
								"usuario",
								"cadastraradmin"
							]
						}
					},
					"response": []
				},
				{
					"name": "deletar usuario",
					"request": {
						"method": "DELETE",
						"header": [
							{
								"key": "Authorization",
								"value": "Token eyJhbGciOiJIUzUxMiJ9.eyJzdWIiOiJzdGFyQHp1cC5jb20uYnIiLCJpZFVzdWFyaW8iOiJhZG1pbjAxMDEwMTAxIiwiZXhwIjoxNjQ0NDMyMzU3fQ.vlPzXgG01ORq6C138BmcFr9nKghEGtMT1IoUuOVZqurBPVcky-ppW4MY7LjuLV7oMkTmYzVyMNI00h8lbKOssw",
								"type": "default"
							}
						],
						"body": {
							"mode": "raw",
							"raw": "{\r\n    \"email\": \"noma@zup.com.br\"\r\n}",
							"options": {
								"raw": {
									"language": "json"
								}
							}
						},
						"url": {
							"raw": "localhost:8080/usuario/deletarUsuario",
							"host": [
								"localhost"
							],
							"port": "8080",
							"path": [
								"usuario",
								"deletarUsuario"
							]
						}
					},
					"response": []
				},
				{
					"name": "exibir usuarios",
					"request": {
						"method": "GET",
						"header": [
							{
								"key": "Authorization",
								"value": "Token eyJhbGciOiJIUzUxMiJ9.eyJzdWIiOiJzdGFyQHp1cC5jb20uYnIiLCJpZFVzdWFyaW8iOiJhZG1pbjAxMDEwMTAxIiwiZXhwIjoxNjQ0NTE4MDA3fQ.3Z5mrnFwKpzF6L7POiG7QSZ56okdUC-r2FAEAiNlFyNoHJv9MHdokb8SovGpMUGWZ5tOtmCwmkjlY7KKHjD-WQ",
								"type": "default"
							}
						],
						"url": {
							"raw": "localhost:8080/usuario",
							"host": [
								"localhost"
							],
							"port": "8080",
							"path": [
								"usuario"
							]
						}
					},
					"response": []
				},
				{
					"name": "alterar dados da tarefa",
					"request": {
						"method": "PATCH",
						"header": [
							{
								"key": "Authorization",
								"value": "Token eyJhbGciOiJIUzUxMiJ9.eyJzdWIiOiJzdGFyQHp1cC5jb20uYnIiLCJpZFVzdWFyaW8iOiJhZG1pbjAxMDEwMTAxIiwiZXhwIjoxNjQ0NDI4OTkxfQ.8Azk7wxIkDywccPcRJOQWGIZEpwbvmdf6ZtqlfzqUhHE_ml3FOEWWS3X2ZC1Qbz7ex4wDOBCMryy5L_ocv9xvg",
								"type": "default"
							}
						],
						"body": {
							"mode": "raw",
							"raw": "{\r\n    \"titulo\": \"nova tarefa\",\r\n    \"descricao\": \"tarefa a ser feitaa\"\r\n}",
							"options": {
								"raw": {
									"language": "json"
								}
							}
						},
						"url": {
							"raw": "localhost:8080/tarefas/2",
							"host": [
								"localhost"
							],
							"port": "8080",
							"path": [
								"tarefas",
								"2"
							]
						}
					},
					"response": []
				}
			]
		}
	]
}